crypto,period,Start,End,Period,Start Value,End Value,Total Return [%],Benchmark Return [%],Max Gross Exposure [%],Total Fees Paid,Max Drawdown [%],Max Drawdown Duration,Total Trades,Total Closed Trades,Total Open Trades,Open Trade PnL,Win Rate [%],Best Trade [%],Worst Trade [%],Avg Winning Trade [%],Avg Losing Trade [%],Avg Winning Trade Duration,Avg Losing Trade Duration,Profit Factor,Expectancy,Sharpe Ratio,Calmar Ratio,Omega Ratio,Sortino Ratio
BTC-USD,2019,2019-01-02,2019-12-30,363 days,100.0,177.04849064254273,77.04849064254275,84.94136249508948,100.0,23.362362866546714,22.71727799357808,89 days,81,81,0,0.0,33.33333333333333,20.367978133306703,-13.196962982894721,6.4569615780250365,-1.8639159440508393,3 days 08:53:20,1 days 05:46:40,1.5053963607317093,0.9512159338585502,1.4342088591502151,3.416193229518214,1.4106256333034446,2.4411164376255168
ETH-USD,2019,2019-01-02,2019-12-30,363 days,100.0,102.22760487352457,2.227604873524566,-14.456326784077167,100.0,11.764949516443503,22.88908404583631,187 days,90,90,0,0.0,31.11111111111111,23.611161396774932,-9.07137598976064,6.999833358198456,-2.2421037363116643,3 days 08:34:17.142857142,1 days 07:44:30.967741935,1.0209055029684042,0.024751165261383434,0.25938810323234496,0.09786388235445403,1.0672364841804127,0.4027169636682772
XRP-USD,2019,2019-01-02,2019-12-30,363 days,100.0,99.96625655084804,-0.03374344915195673,-48.17385199950499,0.42702780772629406,0.026116031956573423,0.1006284969952843,229 days,94,94,0,0.0,25.53191489361702,28.723191906258045,-9.132106699520483,5.631823097714173,-2.2559733328341154,3 days 07:00:00,1 days 06:10:17.142857142,0.864431419068301,-0.00035897286331868774,-0.2823474526647143,-0.33717418963890605,0.9107775399872664,-0.5306833386422795
BCH-USD,2019,2019-01-02,2019-12-30,363 days,100.0,130.98012313715913,30.98012313715911,21.86926970798644,100.0,15.347791018596757,40.00132437510683,229 days,94,94,0,0.0,35.1063829787234,70.68459418203989,-10.8407783734472,8.003329105636034,-2.9917093112979747,2 days 18:10:54.545454545,1 days 03:32:27.540983606,1.1858926299822055,0.3295757780548856,0.7428249007282667,0.7793498098149556,1.2336682441684461,1.5239745468850077
EOS-USD,2019,2019-01-02,2019-12-30,363 days,100.0,97.80446645272768,-2.195533547272313,-8.383520781822984,8.30049131202224,0.3301568019611255,2.4052780993867158,228 days,95,95,0,0.0,27.368421052631582,35.62564919463353,-15.128080307554272,7.943998189484383,-2.7909334547118436,3 days 00:55:23.076923076,1 days 09:02:36.521739130,0.5053539194499203,-0.023110879444971703,-1.4183632715106116,-0.9177714812610555,0.6688737846331406,-1.690138565015104
LTC-USD,2019,2019-01-02,2019-12-30,363 days,100.0,127.25356198258137,27.253561982581374,27.857105286487837,100.0,4.9705065599851395,8.778421614048385,184 days,87,87,0,0.0,39.08045977011494,51.882707722414644,-10.483982635474716,7.750090291808509,-2.6139982939984248,2 days 21:52:56.470588235,1 days 03:37:21.509433962,1.6980935165858346,0.3132593331331192,1.1922156369789947,3.1238705270703986,1.4221276419388804,2.4179429029462636
XLM-USD,2019,2019-01-02,2019-12-30,363 days,100.0,100.00366324392213,0.003663243922139601,-61.49030901949109,0.1127056620943606,0.006306488591796563,0.01672999833919749,211 days,88,88,0,0.0,30.681818181818183,40.71332265511393,-7.289124065380184,7.616059560467665,-2.338135691971409,3 days 06:13:20,1 days 09:26:33.442622950,1.064545443271423,4.1627771842496085e-05,0.13224508006183558,0.2201690269868851,1.0363389414591961,0.21716712626267604
ADA-USD,2019,2019-01-02,2019-12-30,363 days,100.0,100.00613683253945,0.00613683253945879,-25.772237574381553,0.08949953414905905,0.005581706187241307,0.017040016815215595,201 days,95,95,0,0.0,27.368421052631582,20.572795759112516,-8.426702242643866,6.4757583235298215,-2.8100213417550575,3 days 00:55:23.076923076,1 days 10:05:13.043478260,1.1070417796322003,6.459823725746088e-05,0.20797718018030006,0.36212671613470593,1.0575574326540969,0.3568934179477735
TRX-USD,2019,2019-01-02,2019-12-30,363 days,100.0,100.00460578804986,0.004605788049864176,-33.73554013759743,0.032220453080123744,0.002013307780575297,0.007662344498170979,148 days,93,93,0,0.0,32.25806451612903,27.276977017114195,-9.776019901801575,6.347696000988094,-2.663376049596027,2 days 20:48:00,1 days 08:45:42.857142857,1.2372682444339405,4.9524602686711446e-05,0.4149839449952352,0.604405724806636,1.1166406364344945,0.6425434804559872
BSV-USD,2019,2019-01-02,2019-12-30,363 days,100.0,201.55260751775108,101.55260751775108,2.2055858491928815,100.0,5.357871354460644,14.557452630959505,145 days,94,94,0,0.0,29.78723404255319,73.8292925235,-16.731617937001296,9.608517953816675,-3.1809429022286366,2 days 17:08:34.285714285,1 days 04:43:38.181818181,2.5984701925267677,1.0803468884867131,1.245709365870638,7.029555938911618,2.1057662411853735,5.305264070982002
BTC-USD,2020,2020-01-02,2020-12-30,364 days,100.0,209.08527232406334,109.08527232406333,312.8706048121783,100.0,21.90449229035146,28.638007317201215,181 days,94,93,1,12.534985283228309,36.55913978494624,24.630091398863595,-7.199908760487284,5.378256093503165,-1.761796259811799,2 days 21:10:35.294117647,1 days 03:39:39.661016949,1.8135962783652066,1.0381751294713442,1.8863239836663819,3.8239172659437317,1.5565930829193853,3.904373299886837
ETH-USD,2020,2020-01-02,2020-12-30,364 days,100.0,306.9236639523381,206.92366395233805,489.9206504563165,100.0,19.386449527510017,20.163543747801867,88 days,86,85,1,56.92407210357848,45.88235294117647,29.009799173167096,-8.247272721853877,6.381134515211438,-2.4423288409446293,2 days 22:46:09.230769230,1 days 04:10:26.086956521,2.0521841574466775,1.7647010805736423,2.6632193519429026,10.309234824133933,1.81023270912006,5.027998763569326
XRP-USD,2020,2020-01-02,2020-12-30,364 days,100.0,100.20990767690822,0.20990767690822112,12.648700186824403,0.5689415361045889,0.018044730810006716,0.06030730002633642,168 days,86,86,0,0.0,36.04651162790697,108.89228945904009,-8.5339729098657,8.855035249628822,-2.1463203606634726,3 days 15:29:01.935483870,1 days 04:21:49.090909090,2.2418956391669536,0.002440786940793268,1.3204828910114723,3.4902068693987744,1.6941505398071979,3.083380393144461
BCH-USD,2020,2020-01-02,2020-12-30,364 days,100.0,78.23172603370693,-21.768273966293066,83.34729142029474,100.0,12.350731466244314,56.64816043988712,351 days,96,95,1,-0.07801668350222736,35.78947368421053,26.301597412030063,-15.541287537407733,4.970589678859067,-3.1193897751154838,2 days 21:10:35.294117647,1 days 05:30:29.508196721,0.8447336382661368,-0.2283184977135877,-0.08597774364871667,-0.38520259698760606,0.9788311725210121,-0.14692073415445464
LTC-USD,2020,2020-01-02,2020-12-30,364 days,100.0,144.27878470733185,44.278784707331866,225.10367489820302,80.39703908187893,5.17755769386569,13.693877795621736,282 days,87,87,0,0.0,45.97701149425287,23.3526476776683,-10.625231020314809,5.139275216695409,-3.124541784520567,2 days 19:48:00,1 days 07:08:56.170212765,2.040295070553727,0.5089515483601368,1.5786950391856207,3.2440889927790004,1.526335804515683,3.0232253288037696
EOS-USD,2020,2020-01-02,2020-12-30,364 days,100.0,98.99139542859466,-1.0086045714053442,5.992007326133719,4.47658644109415,0.24825499997984418,1.5524652421787895,322 days,96,96,0,0.0,32.29166666666667,23.014967133288348,-12.796560353208996,5.052236661211771,-2.627843826493896,3 days 02:19:21.290322580,1 days 07:00:55.384615384,0.6470567163730264,-0.010506297618805675,-0.9795282897855782,-0.6514551027171472,0.7699178986915728,-1.2670909214751462
BNB-USD,2020,2020-01-02,2020-12-30,364 days,100.0,110.88391524642529,10.883915246425286,192.74788648247042,23.93551166088187,1.7811578393564982,4.444622824885645,213 days,94,94,0,0.0,38.297872340425535,34.212763595182864,-10.250938960014285,5.721061340990357,-2.5276695080300793,3 days 08:40:00,1 days 03:43:26.896551724,1.8058249642138164,0.11578633240877961,1.5075837604597113,2.4558645771806065,1.4151162380767088,2.6984714452782734
BSV-USD,2020,2020-01-02,2020-12-30,364 days,100.0,228.5018085408194,128.5018085408194,79.77902035353566,95.92584809505036,9.424503693133817,25.094067479170473,351 days,82,81,1,-0.011450546717002907,37.03703703703704,89.2446363460754,-11.056087101244547,9.340378941761918,-2.7949538898243436,2 days 16:00:00,1 days 03:45:52.941176470,2.5288460788293867,1.586583445525141,1.0157424750411002,5.141500317835782,2.5080356645008943,4.916847487700487
ADA-USD,2020,2020-01-02,2020-12-30,364 days,100.0,100.04421688090066,0.04421688090065928,461.93700072683504,0.18772725654835762,0.008239968520504305,0.03815775995849357,137 days,90,90,0,0.0,37.77777777777778,37.646848125169754,-12.855489779357779,8.555506295714396,-3.592846072077327,3 days 03:31:45.882352941,1 days 03:25:42.857142857,1.5466572754723473,0.0004912986766739926,0.9520603846198917,1.161975514873387,1.3012377154005024,1.7187740351551826
XTZ-USD,2020,2020-01-02,2020-12-30,364 days,100.0,100.44681504423717,0.44681504423716684,60.31153928725295,3.8750882038310555,0.20738092069160366,1.6083349269301335,153 days,90,90,0,0.0,41.11111111111111,45.43742593480737,-12.185126420499092,6.731323501832591,-3.458699937212111,2 days 23:21:04.864864864,1 days 06:47:32.830188679,1.1585006028866676,0.0049646116026351855,0.3557888880083922,0.2785771150086524,1.0979943710237707,0.5710048309692253
BTC-USD,2021,2021-01-02,2021-12-30,363 days,100.0,110.32843811610162,10.328438116101623,46.847611255066646,100.0,20.690014696045512,49.75230214433881,312 days,92,91,1,-0.11032843811608473,32.967032967032964,29.40380314676861,-13.50842375136319,6.155967935628783,-2.613821930456518,2 days 20:48:00,1 days 08:39:20.655737704,1.057345625995181,0.11471172037601907,0.44691684213500843,0.20879843427012695,1.0958709945197331,0.6787399529929519
ETH-USD,2021,2021-01-02,2021-12-30,363 days,100.0,182.51660708161586,82.51660708161587,379.4944295030872,100.0,33.17257671315844,51.04905352969411,233 days,94,93,1,-0.18251660708159534,38.70967741935484,57.79770492170163,-27.373149067803016,8.179999014432287,-3.6817975425581304,3 days 01:19:59.999999999,1 days 05:53:41.052631578,1.214819492586925,0.889237889125778,1.2031218780533592,1.6282897785728108,1.2786534224896335,1.928175477623223
XRP-USD,2021,2021-01-02,2021-12-30,363 days,100.0,100.75658401503806,0.7565840150380516,278.8089759909485,1.8035250485459235,0.06265384368073681,0.4068197522650907,260 days,84,83,1,-0.0001697265435163873,45.78313253012048,41.63764430921433,-28.64088908158256,8.853577414667882,-4.5616131129240856,2 days 13:15:47.368421052,1 days 06:24:00,1.962248014211041,0.009117514958814067,1.1916320724041405,1.8700378586948148,1.4638931904852153,2.2078783354082963
LTC-USD,2021,2021-01-02,2021-12-30,363 days,100.0,166.54733496092447,66.54733496092447,8.281525423351322,100.0,14.109278144507648,48.05383635949925,235 days,77,76,1,-0.044236341759384235,48.68421052631579,28.004920124961824,-35.83719145447844,7.883864756190895,-4.9732692605020254,3 days 09:43:47.027027027,1 days 12:18:27.692307692,1.324805009849692,0.8762048855616302,1.174111809779983,1.3946041158919327,1.3104109017431294,1.7469104535932567
BCH-USD,2021,2021-01-02,2021-12-30,363 days,100.0,88.4506514840939,-11.549348515906104,21.696787934039776,100.0,16.35518912331135,62.01060055591413,258 days,86,86,0,0.0,36.04651162790697,34.504970742790405,-21.743059492640825,6.742581140990694,-3.681971008300126,3 days 09:17:25.161290322,1 days 08:43:38.181818181,0.9471407417671366,-0.13429475018495474,0.17908295985889897,-0.1872121240346881,1.0401517387515333,0.27088865384155325
ADA-USD,2021,2021-01-02,2021-12-30,363 days,100.0,100.90048280721535,0.9004828072153614,666.7635984444321,2.849428284765217,0.10997759612757935,0.6525937195654722,129 days,73,72,1,-0.00017121695176141571,43.05555555555556,129.89639550484435,-17.794348704943523,13.777927112428918,-3.829347688707738,3 days 00:46:27.096774193,1 days 06:26:20.487804878,1.6759586591401596,0.012509083668987838,1.0185800221547012,1.387488895728467,1.3513790110354391,1.587361838034179
DOT-USD,2021,2021-01-02,2021-12-30,363 days,100.0,105.53057095192767,5.530570951927672,199.36234519604793,48.057270585430786,2.74789702875992,12.318133788256995,230 days,91,90,1,-0.007957237909790707,36.666666666666664,59.61603324737263,-38.09558386835923,11.060160031446571,-4.560211196002572,3 days 00:43:38.181818181,1 days 04:12:37.894736842,1.1558439987968518,0.06153920210930536,0.43072413379108926,0.4515192528009838,1.1164803125533098,0.6978422488539691
LINK-USD,2021,2021-01-02,2021-12-30,363 days,100.0,80.99909759157907,-19.00090240842092,63.42159846826969,37.19001630622847,2.486767960626259,29.379842047085376,239 days,90,89,1,-0.0024525041883678824,43.82022471910113,30.96183395919787,-37.40153888205316,9.018283697411897,-6.652011581764311,3 days 01:13:50.769230769,1 days 07:12:00,0.6992255211530021,-0.21346572926103968,-0.7656703793574182,-0.6499317633594108,0.8106384886234596,-0.928162066531686
BNB-USD,2021,2021-01-02,2021-12-30,363 days,100.0,135.94990287975094,35.94990287975095,1256.9250032220036,100.0,17.67579221512288,46.2496036517001,254 days,91,91,0,0.0,43.956043956043956,96.50491797104746,-17.285096507548527,9.771112177321614,-3.91146337869409,2 days 06:36:00,1 days 02:49:24.705882352,1.146581820401135,0.395053877799461,0.7797492007476643,0.7822799695607365,1.2255272632795955,1.3474210396478514
XLM-USD,2021,2021-01-02,2021-12-30,363 days,100.0,100.23836861435369,0.23836861435369455,109.92411272981468,0.6229003549156621,0.028757626709801,0.15154428543414597,228 days,84,83,1,-1.7958438724825082e-06,38.55421686746988,131.15219994816056,-20.66233221111935,10.32243284627346,-4.291321625090601,3 days 00:45:00,1 days 09:52:56.470588235,1.7034742113707133,0.0028719326529827345,1.0227165902100275,1.5816070663827804,1.3110810593905151,1.7842509369372248
BTC-USD,2022,2022-01-02,2022-12-30,363 days,100.0,68.80878666981312,-31.191213330186883,-64.9329195727921,100.0,14.522331286772626,44.087290677166266,276 days,83,82,1,-0.2337402021351096,35.36585365853659,17.036360875135575,-9.897487240525324,3.398037759135734,-2.442465919047634,3 days 18:12:24.827586206,1 days 12:40:45.283018867,0.740515915764414,-0.3775301600981924,-0.7103378479013998,-0.7106990168000888,0.8669950816953512,-0.9939284753295843
ETH-USD,2022,2022-01-02,2022-12-30,363 days,100.0,79.29650088931965,-20.703499110680355,-68.68488179637534,100.0,15.180979515185118,50.8352765738335,271 days,86,85,1,-0.23567080867071866,37.64705882352941,38.320440030403944,-13.60491174051542,5.792841256006994,-3.7507651693495516,3 days 05:15:00,1 days 14:02:15.849056603,0.8830673968794459,-0.24079798002364283,-0.11113937050471633,-0.40925878803300986,0.9778730687747871,-0.16263529696874346
BNB-USD,2022,2022-01-02,2022-12-30,363 days,100.0,63.20745813514044,-36.79254186485956,-53.748445253453205,100.0,11.331069003272603,54.21610257367189,362 days,90,90,0,0.0,30.0,15.280170603397847,-15.643366184026961,4.979366604910218,-2.7220164987405138,3 days 18:40:00,1 days 06:05:42.857142857,0.6739800893469285,-0.4088060207206615,-0.8086449218034335,-0.6815705582410677,0.8437778522459527,-1.1106961725089408
SOL-USD,2022,2022-01-02,2022-12-30,363 days,100.0,74.0089613515467,-25.991038648453298,-94.3984480717295,100.0,5.559063386141886,38.5737096930366,273 days,91,90,1,-0.005234081133269683,34.44444444444444,29.67716223829857,-24.97115426126303,5.313370728889034,-4.2158906164105865,3 days 03:52:15.483870967,1 days 09:21:21.355932203,0.6960828052160124,-0.2887311618591113,-0.7076384618536605,-0.6769809606253373,0.8478528951220051,-0.9737297198990338
ADA-USD,2022,2022-01-02,2022-12-30,363 days,100.0,99.96920389279501,-0.03079610720499232,-82.17480758067754,1.2569228641664862,0.060070938798859934,0.2827424974407625,347 days,89,88,1,-5.2833343565550806e-05,34.090909090909086,19.53477458300961,-18.650505598427934,4.914037473141746,-3.350257778487484,3 days 08:00:00,1 days 09:55:51.724137931,0.9533238561769041,-0.00034935538478893767,-0.09115292200412885,-0.10951928604200184,0.9756507125056113,-0.15261061531787895
XRP-USD,2022,2022-01-02,2022-12-30,363 days,100.0,99.80845038803885,-0.19154961196115275,-59.84055831128467,0.775121412970436,0.04601351362982179,0.24924814806057297,325 days,96,95,1,-4.4154906731077135e-05,25.263157894736842,43.02641698885932,-19.698570936035704,5.729278835285151,-2.6142148825111313,3 days 06:00:00,1 days 11:49:51.549295774,0.5858094877721969,-0.0020158469163623336,-1.2266731155065593,-0.7727398025999954,0.7499683021409386,-1.6440430119927412
DOT-USD,2022,2022-01-02,2022-12-30,363 days,100.0,90.81328111856982,-9.186718881430188,-85.4581023979557,25.169869026623022,1.160297098745843,9.508826222697119,352 days,96,95,1,0.0017485610552229786,31.57894736842105,20.87443299794363,-21.328697485743785,4.500028815793459,-3.9777305777221903,2 days 23:12:00,1 days 12:11:04.615384615,0.4226597537921523,-0.09672070992089903,-1.8001143393988768,-0.9711947392271939,0.6473311853138273,-2.2208300145046698
LUNA-USD,2022,2022-01-02,2022-05-11,130 days,100.0,99.99973529181887,-0.0002647081811359975,13151.322998854701,0.2647088818420905,0.00026470818113602415,0.0002647081811346652,1 days,1,0,1,-0.00026470818113602415,nan,nan,nan,nan,nan,NaT,NaT,nan,nan,-1.6756169931378433,-2.8076855901553137,0.0,-1.6756169931378437
AVAX-USD,2022,2022-01-02,2022-12-30,363 days,100.0,82.62684807866862,-17.37315192133139,-90.39614718933073,83.18416604312816,3.6056859561685672,22.31254342007616,317 days,85,85,0,0.0,31.76470588235294,22.758646628698276,-30.684142598742547,6.007400137092533,-4.065347949621787,3 days 15:06:40,1 days 09:55:51.724137931,0.6445185021272838,-0.20439002260389888,-0.6397711060255934,-0.7825187262225566,0.8555772893074832,-0.8574760439686662
DOGE-USD,2022,2022-01-02,2022-12-30,363 days,100.0,100.00490604913419,0.004906049134196976,-60.77819891631799,0.15792200688512625,0.007917592641668199,0.06975150238037377,269 days,95,95,0,0.0,26.31578947368421,87.05085705612603,-22.20659920755716,8.682078543985114,-3.1056743117435115,3 days 10:33:36,1 days 08:13:42.857142857,1.0477693197235778,5.1642622465231016e-05,0.0812704187390496,0.07072364330987059,1.026094542498955,0.1260497706107664
BTC-USD,2023,2023-01-02,2023-12-30,363 days,100.0,177.16971147868952,77.1697114786895,152.61093777667676,100.0,26.0753431654402,18.09321697993121,219 days,91,91,0,0.0,34.065934065934066,21.951030527276448,-5.3757395984347065,4.856258943718792,-1.3706460351455836,2 days 19:21:17.419354838,1 days 01:12:00,1.6351029539689999,0.8480188074581272,1.8550167848078023,4.2960234516745395,1.5515006670213514,4.060973686819994
ETH-USD,2023,2023-01-02,2023-12-30,363 days,100.0,138.27555215774998,38.275552157749985,88.70069113339105,100.0,19.92098081364299,30.20347379338468,288 days,86,86,0,0.0,31.3953488372093,21.565954757084867,-8.181125967714147,5.045752032711828,-1.7478750345836045,3 days 14:13:20,1 days 04:28:28.474576271,1.3162965965812738,0.4450645599738361,1.1111296298539266,1.275438434827417,1.2693602758979847,1.960196536173215
BNB-USD,2023,2023-01-02,2023-12-30,363 days,100.0,115.60771659959723,15.607716599597223,29.173042986019702,100.0,13.733052488901611,31.830699186927713,344 days,95,94,1,-0.11457909132802342,38.297872340425535,17.307767629629808,-8.044536048005826,3.3043591234542564,-1.9341786849905014,3 days 01:19:59.999999999,1 days 07:26:53.793103448,1.1942718255762474,0.1672584647970764,0.6399047502091778,0.49323871029347216,1.1498007969514956,1.086267278356589
XRP-USD,2023,2023-01-02,2023-12-30,363 days,100.0,100.03564216550528,0.03564216550527405,78.40575758454125,0.600432332014577,0.02706173685420857,0.09649433096601592,173 days,89,89,0,0.0,31.46067415730337,52.4005697933426,-10.245086547351628,5.624636153776706,-2.227677847519975,2 days 23:08:34.285714285,1 days 02:45:14.754098360,1.1458040455409195,0.00040047376972218024,0.1814788410669718,0.37140602871687045,1.0948565199069247,0.4318696638653969
ADA-USD,2023,2023-01-02,2023-12-30,363 days,100.0,100.14489621037919,0.14489621037918865,137.15430241489614,0.5775041220980278,0.03185427479914599,0.13655295286106992,295 days,85,85,0,0.0,35.294117647058826,35.21344048399773,-8.260251923775423,6.040954348215132,-2.257215573308954,3 days 09:36:00,1 days 05:14:10.909090909,1.5740259252111193,0.00170466129857869,1.0070317116753351,1.0669495959943915,1.3512072942220437,1.987378257429301
DOGE-USD,2023,2023-01-02,2023-12-30,363 days,100.0,99.98057666341892,-0.019423336581082862,26.162282800894275,0.0950184745474693,0.006372674491081697,0.028739225692119848,344 days,89,89,0,0.0,38.20224719101123,16.80719965330976,-9.174920491037183,3.629534431221351,-2.2896683551367176,3 days 05:38:49.411764705,1 days 06:06:32.727272727,0.6603465776538375,-0.00021823973686610016,-0.9057892098886454,-0.6795709100785086,0.8059933925516203,-1.2204715177878418
MATIC-USD,2023,2023-01-02,2023-12-30,363 days,100.0,100.08781951642999,0.08781951642999253,22.057310231049264,1.405531527038374,0.07913189218341882,0.3592581659357319,316 days,89,89,0,0.0,33.70786516853933,25.432468002142755,-8.879914161242185,6.987313719018194,-2.861852456307165,3 days 15:12:00,1 days 04:04:04.067796610,1.1056422631094718,0.0009867361396628336,0.2615713083569015,0.24579422948574925,1.0682249182024588,0.4321969245275882
DOT-USD,2023,2023-01-02,2023-12-30,363 days,100.0,100.83278111580657,0.832781115806574,86.45946319132437,8.019379256593313,0.5227591519845268,2.5887667988897736,338 days,91,90,1,-0.001776178504134407,33.33333333333333,23.2527197617664,-8.889708644819914,5.2750835586001354,-2.2299740947676496,3 days 07:12:00,1 days 07:36:00,1.1836059610558984,0.009272858825674545,0.38597952259329205,0.3234700783695959,1.105215582429293,0.6741695267364067
LTC-USD,2023,2023-01-02,2023-12-30,363 days,100.0,124.87847185631799,24.878471856317987,-2.0706795288548463,81.83904869496757,6.529565763019807,11.918023819976495,181 days,86,86,0,0.0,41.86046511627907,25.925038592055266,-11.392112611741734,4.365017387027578,-2.5123554683018043,3 days 06:40:00,1 days 06:14:24,1.5271697995806457,0.289284556468814,0.9835375739723681,2.1003001251882747,1.308122963035745,1.8062197908358477
SHIB-USD,2023,2023-01-02,2023-12-30,363 days,100.0,99.99999899522719,-1.0047728132903968e-06,24.9999971578291,1.272360477585237e-05,3.3991910235412617e-07,2.932881980723545e-06,318 days,34,34,0,0.0,41.17647058823529,21.999996634869724,-11.300003365130278,12.718423871981887,-1.7262504627054132,3 days 01:42:51.428571428,1 days 19:12:00,0.6763478315192794,-2.955214156736471e-08,-0.4333369156842873,-0.34447649781374173,0.813346615661175,-0.5112953296422172
BTC-USD,2024,2024-01-02,2024-12-30,364 days,100.0,138.61501704222357,38.61501704222357,106.06627370703912,100.0,23.150470813465592,27.671531918580122,216 days,92,92,0,0.0,34.78260869565217,26.58456016789323,-6.2260737637704056,4.7354715239618,-1.816680527857432,3 days 03:45:00,1 days 02:48:00,1.271635270835869,0.4197284461111248,1.0932403813483365,1.3999737740062743,1.2583584233079592,1.951587528983247
ETH-USD,2024,2024-01-02,2024-12-30,364 days,100.0,127.27501033950908,27.27501033950908,42.47137625490862,100.0,20.95350024329829,36.476499425141085,245 days,89,89,0,0.0,38.20224719101123,33.76210212717158,-5.162427383838205,4.286065310252842,-2.038802039909135,3 days 09:52:56.470588235,1 days 04:21:49.090909090,1.2048878734190842,0.3064607903315639,0.8238149925527953,0.7500546625092103,1.1729447221469136,1.4016252515315384
BNB-USD,2024,2024-01-02,2024-12-30,364 days,100.0,134.19818701565254,34.19818701565252,125.6128423749721,100.0,19.19993624464795,23.526102100936424,207 days,88,87,1,-0.13419818701564168,41.37931034482759,21.62045181259402,-9.045024185845433,3.9070740301661537,-1.9737271138030053,2 days 22:40:00,1 days 04:42:21.176470588,1.2985523234557141,0.3946251172720472,0.9619422267778888,1.458238850244049,1.2498626472939487,1.7167283101491524
XRP-USD,2024,2024-01-02,2024-12-30,364 days,100.0,101.14105345090502,1.1410534509050159,229.02025858166078,2.1287368760956293,0.05561722519738536,0.15381023951796635,312 days,92,92,0,0.0,32.608695652173914,71.20505295777535,-8.994321939684738,8.76469514582711,-1.982322684450762,2 days 21:36:00,1 days 05:48:23.225806451,3.8110219694029412,0.01240275490114148,1.8317740334378683,7.439076116582169,2.243322153621624,5.115745997493637
ADA-USD,2024,2024-01-02,2024-12-30,364 days,100.0,100.31142780411628,0.3114278041162791,41.99502509790509,0.7974812965410795,0.04095999688153569,0.15562149939351724,252 days,79,79,0,0.0,34.177215189873415,71.59897183575005,-10.277372005892351,10.68419645040544,-2.71791396210441,4 days 01:46:40,1 days 07:23:04.615384615,1.7542683395614027,0.003942124102737714,1.4568372773333005,2.0066938742118565,1.501250502009417,2.8897149025177793
DOGE-USD,2024,2024-01-02,2024-12-30,364 days,100.0,100.18858514530774,0.18858514530774456,243.75025834898122,0.3375925136049455,0.014237195318814993,0.05867445908173379,246 days,90,90,0,0.0,40.0,78.63683922320108,-8.450334494119573,9.881193226141734,-2.875743278221125,2 days 21:20:00,1 days 01:20:00,2.2851472452733135,0.002095390503419385,1.768585366462781,3.222930877974627,1.7212873062873417,3.7201751196565054
SOL-USD,2024,2024-01-02,2024-12-30,364 days,100.0,166.79794754556556,66.79794754556556,79.18193160230607,100.0,15.374556843858855,25.079307579892095,225 days,79,78,1,-0.010667257373930056,41.02564102564102,27.069224841412748,-8.636758389891268,6.388555467497092,-2.7411929729737077,3 days 10:30:00,1 days 07:18:15.652173913,1.5087941277717387,0.8565207026017891,1.4421542862792684,2.672823072191642,1.3765840094902564,2.4414054463976598
DOT-USD,2024,2024-01-02,2024-12-30,364 days,100.0,101.00063556014062,1.0006355601406218,-20.39807167858959,10.188712028833649,0.5737633060060033,2.6412465644578775,263 days,76,76,0,0.0,46.05263157894737,38.6073951992229,-5.855281716714155,5.912317105748584,-2.751531685435565,3 days 13:01:42.857142857,1 days 08:11:42.439024390,1.1808898140864603,0.013166257370271356,0.384053084231778,0.37989573495428713,1.1066020156449095,0.641155458298418
LTC-USD,2024,2024-01-02,2024-12-30,364 days,100.0,111.10440864532994,11.10440864532994,36.06970564705705,94.31872620240553,6.723315073889078,23.04131410723863,266 days,87,86,1,-0.02163076945310968,34.883720930232556,26.452827037928483,-13.187479688240325,5.401214289198339,-2.597490035267574,3 days 17:36:00,1 days 08:08:34.285714285,1.163524207182003,0.12937255133468684,0.4811799596837361,0.48332982310078476,1.1465163556055382,0.8137749050403227
AVAX-USD,2024,2024-01-02,2024-12-30,364 days,100.0,103.66237234239946,3.6623723423994683,-11.65981129054443,55.470100246038534,3.512998053999483,20.137456045201642,264 days,83,83,0,0.0,33.734939759036145,41.64625020865559,-16.32083776572419,9.606259528101415,-3.713489325967318,3 days 14:34:17.142857142,1 days 05:40:21.818181818,1.071540108418024,0.04412496798071586,0.2771823108004558,0.1823773736831944,1.071491752808367,0.42423491615667025
BTC-USD,2025_YTD,2025-01-02,2025-03-03,61 days,100.0,94.36455875839398,-5.635441241606017,-11.168905101955218,100.0,2.4354085719533076,16.2385469191334,41 days,12,12,0,0.0,41.66666666666667,6.538828057185639,-5.537073947781524,1.924968239514048,-2.134068246800067,4 days 14:24:00,2 days 17:08:34.285714285,0.6301190576537112,-0.46962010346716565,-0.5015012715294985,-1.8058818442537332,0.9098472845589859,-0.7151396323406146
ETH-USD,2025_YTD,2025-01-02,2025-03-03,61 days,100.0,66.99330929779964,-33.00669070220036,-37.83454283908275,100.0,2.309145482580438,37.25242100186132,56 days,15,15,0,0.0,13.333333333333334,2.4235812481653647,-9.24323988487705,1.814472114000771,-3.8388157717904345,6 days 00:00:00,2 days 01:50:46.153846153,0.0889177876927433,-2.2004460468133575,-2.851555310681992,-2.440110349464102,0.5881320375325324,-3.5467909332189826
BNB-USD,2025_YTD,2025-01-02,2025-03-03,61 days,100.0,82.88667897075806,-17.113321029241945,-18.49405777870271,100.0,1.712881176672134,19.382487252774265,45 days,14,14,0,0.0,14.285714285714285,17.07646279759689,-7.289240322356837,9.576075988670468,-2.686797347517258,8 days 00:00:00,2 days 02:00:00,0.12682045037428166,-1.2223800735172803,-3.9706684123861504,-3.4811293134719983,0.44583883461448415,-4.316992092261152
XRP-USD,2025_YTD,2025-01-02,2025-03-03,61 days,100.0,100.03446564985022,0.03446564985021394,-0.7334682213041788,0.4138565207503237,0.00420600815569951,0.05498624007500135,14 days,13,13,0,0.0,46.15384615384615,29.54048205265643,-6.329421193526369,9.61066960453022,-2.8390833391526082,2 days 20:00:00,1 days 13:42:51.428571428,2.1354447338652336,0.00265120383463184,0.8631727180779941,3.7537769804480687,1.3452844970844415,1.458814763645891
ADA-USD,2025_YTD,2025-01-02,2025-03-03,61 days,100.0,100.02015318694352,0.02015318694351026,-11.034644902720869,0.08611526222767166,0.00034334246198054416,0.020973662532945643,25 days,7,7,0,0.0,57.14285714285714,29.500201389956864,-7.081756652388058,15.584865408060761,-4.333003975040004,2 days 00:00:00,1 days 00:00:00,15.073892100825153,0.002879026706215751,1.1717747672656922,5.7524199481909015,1.87220808281277,2.346558256546881
DOGE-USD,2025_YTD,2025-01-02,2025-03-03,61 days,100.0,100.00119482865122,0.0011948286512201284,-41.20787905789415,0.08959183074146757,0.0009126280502780522,0.02068427517765389,45 days,14,14,0,0.0,28.57142857142857,18.37527580093165,-14.92405316084144,10.217702354720512,-6.275478348847932,5 days 12:00:00,1 days 14:24:00,1.0557894867882731,8.534490365858178e-05,0.1508927693869662,0.34565375636256507,1.0316401428855126,0.24500919227435747
SOL-USD,2025_YTD,2025-01-02,2025-03-03,61 days,100.0,83.44124483116555,-16.558755168834452,-31.644073638346438,96.96557507701496,0.5953045680809856,21.986602842760664,44 days,15,15,0,0.0,40.0,33.41341474887344,-20.613924650113983,7.558163519467214,-5.8887880179663705,3 days 00:00:00,1 days 10:40:00,0.3292407311133432,-1.103917011255631,-1.8487027095060262,-3.0085978178142305,0.41978973131983854,-1.9127393320467836
DOT-USD,2025_YTD,2025-01-02,2025-03-03,61 days,100.0,99.83113579313437,-0.1688642068656374,-37.59436609338357,1.8340519281896217,0.02006232521856913,0.3431434175562357,45 days,15,15,0,0.0,46.666666666666664,6.982442623745717,-14.095869348349346,3.32245276858612,-5.493444438646082,3 days 03:25:42.857142857,1 days 06:00:00,0.5113564919928499,-0.011257613791042499,-1.3075896758719512,-2.932228477499696,0.7003626855051515,-1.472257055066074
LTC-USD,2025_YTD,2025-01-02,2025-03-03,61 days,100.0,105.96564566749423,5.965645667494231,4.6246304630504165,32.04910833444078,0.3145123907205442,2.718644857791224,15 days,11,11,0,0.0,54.54545454545454,22.22793110057856,-13.947615105250968,9.217412962507018,-5.735177861773801,4 days 12:00:00,2 days 14:24:00,3.342939886723885,0.5423314243176579,2.073796333551638,15.243576215990286,1.5287347372660325,3.7047008655910623
AVAX-USD,2025_YTD,2025-01-02,2025-03-03,61 days,100.0,98.65065364811281,-1.3493463518871929,-46.63021703592945,6.749234615134283,0.07164399623421887,1.9654890685253663,56 days,14,14,0,0.0,21.428571428571427,7.3080628007212125,-16.239675218887246,4.727842654518035,-3.955757321833903,4 days 00:00:00,2 days 02:10:54.545454545,0.20376207254505685,-0.09638188227765665,-2.289033789643861,-3.9721930134251386,0.5187275839543669,-2.5054523036307454
