crypto,period,start_date,end_date,Start,End,Period,Start Value,End Value,Total Return [%],Benchmark Return [%],Max Gross Exposure [%],Total Fees Paid,Max Drawdown [%],Max Drawdown Duration,Total Trades,Total Closed Trades,Total Open Trades,Open Trade PnL,Win Rate [%],Best Trade [%],Worst Trade [%],Avg Winning Trade [%],Avg Losing Trade [%],Avg Winning Trade Duration,Avg Losing Trade Duration,Profit Factor,Expectancy,Sharpe Ratio,Calmar Ratio,Omega Ratio,Sortino Ratio
BTC-USD,2019,2019-01-01,2019-12-31,2019-01-02,2019-12-30,363 days,100.0,177.81646206263548,77.81646206263547,84.94136249508948,100.0,23.578119342712082,22.71727799357805,89 days,82,82,0,0.0,34.146341463414636,20.367978133306732,-13.19696298289472,6.232291218400574,-1.86391594405084,3 days 06:51:25.714285714,1 days 05:46:40,1.5081567003897158,0.948981244666286,1.4426198248716882,3.450292656923306,1.412714349458062,2.456839829982275
ETH-USD,2019,2019-01-01,2019-12-31,2019-01-02,2019-12-30,363 days,100.0,92.1698891923245,-7.8301108076755,-14.456326784077167,100.0,11.644491880099926,25.716625433266486,228 days,93,93,0,0.0,27.956989247311824,23.61116139677494,-9.07137598976064,7.211959261254114,-2.0745846774249754,3 days 06:27:41.538461538,1 days 06:26:51.940298507,0.9235257032233998,-0.08419473986747783,0.0019241605052885019,-0.306086338664347,1.0004922360059418,0.002937694807711183
XRP-USD,2019,2019-01-01,2019-12-31,2019-01-02,2019-12-30,363 days,100.0,99.96571012926435,-0.03428987073564989,-48.17385199950499,0.43224845965696096,0.026614651869210564,0.1012845864815877,229 days,93,93,0,0.0,25.806451612903224,28.723191906258045,-9.132106699520481,5.631823097714173,-2.238557979756981,3 days 07:00:00,1 days 05:33:54.782608695,0.8641842743385306,-0.00036870828748010757,-0.28247649844678074,-0.34041470936300233,0.9107082786329301,-0.5299498928531372
BCH-USD,2019,2019-01-01,2019-12-31,2019-01-02,2019-12-30,363 days,100.0,126.36480200937724,26.364802009377247,21.86926970798644,100.0,14.819103125869079,40.085081061683766,229 days,94,94,0,0.0,35.1063829787234,70.6845941820399,-10.8407783734472,8.00332910563603,-2.991709311297975,2 days 18:10:54.545454545,1 days 03:32:27.540983606,1.1631570188390836,0.28047661712103356,0.6860798626170643,0.6617879999997175,1.2112336220237017,1.3730185737318858
EOS-USD,2019,2019-01-01,2019-12-31,2019-01-02,2019-12-30,363 days,100.0,97.71968672223272,-2.280313277767277,-8.383520781822984,8.40762620127406,0.34553568964580145,2.464443415361312,228 days,96,96,0,0.0,27.083333333333332,35.62564919463354,-15.12808030755427,8.367052291729472,-2.864402049873673,2 days 22:09:13.846153846,1 days 08:54:51.428571428,0.5149431111891646,-0.02375326331007583,-1.420145284924453,-0.9303244036590058,0.664436661588668,-1.690893709242892
LTC-USD,2019,2019-01-01,2019-12-31,2019-01-02,2019-12-30,363 days,100.0,132.88146753347917,32.88146753347918,27.857105286487837,99.50170390868574,5.164268093083882,8.60275936362063,184 days,87,87,0,0.0,39.08045977011494,51.882707722414644,-10.483982635474716,7.750090291808509,-2.6139982939984243,2 days 21:52:56.470588235,1 days 03:37:21.509433962,1.8289091712215273,0.3779479026836694,1.3722373665856538,3.8464130288375364,1.4907086871793793,2.843268408943224
XLM-USD,2019,2019-01-01,2019-12-31,2019-01-02,2019-12-30,363 days,100.0,100.00547180583169,0.0054718058316944596,-61.49030901949109,0.11443797792992225,0.006448214680075079,0.015544104825036445,155 days,86,86,0,0.0,31.3953488372093,40.71332265511393,-7.289124065380184,7.62134486353883,-2.231368225544235,3 days 04:26:40,1 days 09:21:21.355932203,1.096836774876528,6.362564920575013e-05,0.19390030543699574,0.3539576201857551,1.0541038581726931,0.31922015802318865
ADA-USD,2019,2019-01-01,2019-12-31,2019-01-02,2019-12-30,363 days,100.0,100.01976217905924,0.01976217905923912,-25.772237574381553,0.09066821256628865,0.004950184029795471,0.016343043385673772,201 days,86,86,0,0.0,32.55813953488372,20.572795759112513,-8.426702242643866,6.485234693099821,-2.8288940979322037,3 days 02:34:17.142857142,1 days 12:00:00,1.413284938691508,0.00022979277975859432,0.6548578228379586,1.2158734414907413,1.195069203823932,1.163137060155352
TRX-USD,2019,2019-01-01,2019-12-31,2019-01-02,2019-12-30,363 days,100.0,100.00655738387668,0.006557383876678978,-33.73554013759743,0.032300189248715465,0.0019331133357001827,0.0075483094957745816,148 days,91,91,0,0.0,32.967032967032964,27.588414332879786,-9.776019901801575,6.614940270428009,-2.632087354644608,3 days 00:48:00,1 days 08:39:20.655737704,1.3732318102990415,7.205916347998863e-05,0.5978871759861358,0.8735086853739338,1.1684833995981496,0.9364648161439975
BSV-USD,2019,2019-01-01,2019-12-31,2019-01-02,2019-12-30,363 days,100.0,250.48100467634606,150.48100467634606,2.2055858491928815,87.42284488692316,5.33636156487408,11.398901161882856,138 days,88,88,0,0.0,32.95454545454545,73.82929252349999,-10.578525749598864,11.263821572865993,-2.8415897207839356,2 days 19:51:43.448275862,1 days 04:52:52.881355932,3.5681215153000467,1.7100114167766596,1.5953290370045095,13.31280996144233,2.552489675010959,7.309930305103264
BTC-USD,2020,2020-01-01,2020-12-31,2020-01-02,2020-12-30,364 days,100.0,213.68927801782093,113.68927801782094,312.8706048121783,100.0,22.10344633239295,28.25724088492054,181 days,93,92,1,12.81100254151562,36.95652173913043,24.630091398863588,-7.199908760487301,5.385717477983284,-1.7566975836875256,2 days 21:10:35.294117647,1 days 03:18:37.241379310,1.8477944878422725,1.0965029943076658,1.9409222243849424,4.039160379204665,1.581938643428301,4.038138999703039
ETH-USD,2020,2020-01-01,2020-12-31,2020-01-02,2020-12-30,364 days,100.0,310.878728806554,210.87872880655402,489.9206504563165,100.0,18.948529207239073,20.072589569774795,88 days,86,85,1,57.65760432470657,45.88235294117647,29.00979917316708,-8.247272721853887,6.381134515211436,-2.44232884094463,2 days 22:46:09.230769230,1 days 04:10:26.086956521,2.1103694275490166,1.8026014644923218,2.713926307466309,10.554141230866588,1.8360091438517911,5.1456468474146915
XRP-USD,2020,2020-01-01,2020-12-31,2020-01-02,2020-12-30,364 days,100.0,100.21336353699408,0.21336353699407717,12.648700186824403,0.5834637873720327,0.018372144918638363,0.06151109880432444,168 days,85,85,0,0.0,35.294117647058826,108.89228945904009,-8.5339729098657,9.011191668938961,-2.1829374444872482,3 days 15:12:00,1 days 03:55:38.181818181,2.2570410318923124,0.00251015925875385,1.3258614807554205,3.478239396140854,1.7034363609451764,3.0877447195955137
BCH-USD,2020,2020-01-01,2020-12-31,2020-01-02,2020-12-30,364 days,100.0,80.00646826550717,-19.993531734492834,83.34729142029474,100.0,12.415323246840604,56.335305123588086,351 days,96,95,1,-0.07855157366708226,35.78947368421053,26.301597412030063,-15.541287537407733,4.970589678859066,-3.1193897751154855,2 days 21:10:35.294117647,1 days 05:30:29.508196721,0.8566764284506985,-0.20963137011395472,-0.05374875056885977,-0.3557723776284887,0.9867600565358211,-0.09263882499992196
LTC-USD,2020,2020-01-01,2020-12-31,2020-01-02,2020-12-30,364 days,100.0,143.06391604909533,43.06391604909532,225.10367489820302,80.32710252565582,5.072568391831165,13.620366908303867,282 days,88,88,0,0.0,45.45454545454545,23.352647677668305,-10.625231020314809,5.1392752166954105,-3.07427044377959,2 days 19:48:00,1 days 07:00:00,2.0212019306499864,0.4893626823760828,1.553936445035767,3.172068638174204,1.5208413248956076,2.983097144212382
EOS-USD,2020,2020-01-01,2020-12-31,2020-01-02,2020-12-30,364 days,100.0,99.16093795279068,-0.8390620472093239,5.992007326133719,4.306314122165185,0.2320263020920253,1.3512041419387968,322 days,95,95,0,0.0,32.631578947368425,23.014967133288348,-12.796560353208996,5.128982919557862,-2.5977140623810744,3 days 03:52:15.483870967,1 days 07:52:30,0.6815487824930746,-0.008832232075887642,-0.8446065031234978,-0.6226723351458396,0.8010668274646964,-1.0968113150695522
BNB-USD,2020,2020-01-01,2020-12-31,2020-01-02,2020-12-30,364 days,100.0,112.51187481310382,12.511874813103816,192.74788648247042,24.48914593648785,1.8816305955279031,4.461897530429361,213 days,93,93,0,0.0,38.70967741935484,34.21276359518288,-10.250938960014285,5.66899978596328,-2.4595101590956103,3 days 07:20:00,1 days 03:22:06.315789473,1.908917439157559,0.13453628831294429,1.6283216176322484,2.812328122767396,1.4502150817806112,2.9403574914227275
BSV-USD,2020,2020-01-01,2020-12-31,2020-01-02,2020-12-30,364 days,100.0,240.69990395214157,140.69990395214157,79.77902035353566,96.44957704092468,9.482640706535506,25.230794027654095,351 days,82,81,1,-0.012755425928330056,38.2716049382716,89.2446363460754,-11.056087101244549,9.674339452421629,-2.7688677547398575,2 days 15:29:01.935483870,1 days 03:50:24,2.7583632597256984,1.7371933256551815,1.0493704519663818,5.599564020710168,2.6118842259723984,5.136359479752803
ADA-USD,2020,2020-01-01,2020-12-31,2020-01-02,2020-12-30,364 days,100.0,100.04726529421609,0.047265294216091075,461.93700072683504,0.18636566381509168,0.007931862375945196,0.03589597561179922,137 days,86,86,0,0.0,39.53488372093023,37.64684812516976,-12.855489779357779,8.679544992442056,-3.440411429353735,3 days 04:14:07.058823529,1 days 03:41:32.307692307,1.6219133449215233,0.0005495964443731533,1.0328898832884794,1.3203478630771208,1.3355753051547776,1.888588448729421
XTZ-USD,2020,2020-01-01,2020-12-31,2020-01-02,2020-12-30,364 days,100.0,100.11132512518772,0.11132512518772476,60.31153928725295,3.8557833411259854,0.21828515316112054,1.6422992864233328,179 days,92,92,0,0.0,36.95652173913043,45.43742593480737,-12.18512642049909,7.166361863846345,-3.379165978245988,3 days 02:49:24.705882352,1 days 07:26:53.793103448,1.0368713005148678,0.0012100557085622035,0.09394647906087035,0.06797246702146646,1.0246919167417257,0.14680215873892108
BTC-USD,2021,2021-01-01,2021-12-31,2021-01-02,2021-12-30,363 days,100.0,136.41272314074712,36.412723140747104,46.847611255066646,100.0,22.39648113548377,37.686417923444516,239 days,88,87,1,-0.1364127231407224,35.63218390804598,29.40380314676862,-9.740122967440326,5.911307971837895,-2.4661448287413847,2 days 19:21:17.419354838,1 days 07:17:08.571428571,1.2048337544236505,0.4201050099297454,0.8777151821532119,0.9724007554375816,1.2008946110910819,1.4165863784489146
ETH-USD,2021,2021-01-01,2021-12-31,2021-01-02,2021-12-30,363 days,100.0,200.6312829998176,100.6312829998176,379.4944295030872,100.0,34.76763769708548,49.08214528975266,241 days,93,92,1,-0.20063128299980804,38.04347826086957,57.79770492170163,-27.37314906780302,8.5371514687101,-3.6817975425581304,3 days 04:06:51.428571428,1 days 05:53:41.052631578,1.2520636187764072,1.0959990682914942,1.3330756073900831,2.065974372906187,1.3118622261960975,2.199499264217508
XRP-USD,2021,2021-01-01,2021-12-31,2021-01-02,2021-12-30,363 days,100.0,100.77654588860979,0.7765458886097831,278.8089759909485,1.8122607474910735,0.06401887017943829,0.41040976773769583,260 days,84,83,1,-0.0001742371528568496,45.78313253012048,41.63764430921433,-28.64088908158256,8.853577414667882,-4.5616131129240856,2 days 13:15:47.368421052,1 days 06:24:00,1.969728158608868,0.009358073804369163,1.2003859182797947,1.9025888286496224,1.4660454738388518,2.2174474292425983
LTC-USD,2021,2021-01-01,2021-12-31,2021-01-02,2021-12-30,363 days,100.0,170.7475709864976,70.7475709864976,8.281525423351322,100.0,14.179214776141112,46.82159715500641,235 days,77,76,1,-0.043939618881784555,48.68421052631579,28.004920124961817,-35.83719145447845,7.883864756190892,-4.9732692605020254,3 days 09:43:47.027027027,1 days 12:18:27.692307692,1.3491063027718768,0.9314672448076231,1.2234780365259013,1.5217685538811931,1.3243383164296516,1.8418872998435425
BCH-USD,2021,2021-01-01,2021-12-31,2021-01-02,2021-12-30,363 days,100.0,68.28156830448727,-31.718431695512734,21.696787934039776,100.0,14.000609718886524,62.41508028655227,258 days,87,87,0,0.0,35.63218390804598,34.50497074279039,-21.743059492640825,6.5684475241714875,-4.043230362556514,3 days 08:30:58.064516129,1 days 09:00:00,0.8446305753310532,-0.36457967466106656,-0.12781716452837666,-0.5104826456321643,0.9728680829037121,-0.18351994277556333
ADA-USD,2021,2021-01-01,2021-12-31,2021-01-02,2021-12-30,363 days,100.0,100.86775256850177,0.8677525685017701,666.7635984444321,2.831349335474455,0.10651716738131019,0.6730905388961693,129 days,73,72,1,-0.00016731772884028473,43.05555555555556,129.89639550484438,-17.794348704943523,13.858930753391311,-3.8293476887077382,3 days 01:32:54.193548387,1 days 06:26:20.487804878,1.668083622566471,0.012054442864314032,0.9948031623611745,1.2963402724688584,1.345418629985501,1.5489046465552976
DOT-USD,2021,2021-01-01,2021-12-31,2021-01-02,2021-12-30,363 days,100.0,106.65249039970608,6.652490399706079,199.36234519604793,47.80464875386983,2.721799588423192,11.791062622486196,230 days,90,89,1,-0.007670347301609923,37.07865168539326,59.61603324737263,-38.09558386835923,11.060160031446571,-4.567866605752297,3 days 00:43:38.181818181,1 days 04:17:08.571428571,1.1936002819098512,0.07483326682031116,0.5041459732080833,0.5674079735211602,1.1383701739908554,0.8282110086748397
LINK-USD,2021,2021-01-01,2021-12-31,2021-01-02,2021-12-30,363 days,100.0,79.80915481966609,-20.190845180333906,63.42159846826969,38.43992689451842,2.47241027469903,30.652470490724827,239 days,87,86,1,-0.0018171017635183234,45.348837209302324,30.961833959197865,-37.40153888205316,9.155865956827402,-6.654931359121001,3 days 00:36:55.384615384,1 days 06:38:17.872340425,0.6875587379187966,-0.2347561404484929,-0.8065907153560318,-0.6619353726129505,0.796387229896286,-0.9722111000460535
BNB-USD,2021,2021-01-01,2021-12-31,2021-01-02,2021-12-30,363 days,100.0,146.49769178812937,46.497691788129366,1256.9250032220036,100.0,18.29273622494412,46.057632772242904,254 days,89,89,0,0.0,43.82022471910113,96.50491797104745,-17.285096507548545,10.162481702999058,-3.9635455398715345,2 days 09:50:46.153846153,1 days 02:52:48,1.1832552252177464,0.5224459751475212,0.8892965424702083,1.0162532259523247,1.2589196095654125,1.5411151998468422
XLM-USD,2021,2021-01-01,2021-12-31,2021-01-02,2021-12-30,363 days,100.0,100.25032762742879,0.2503276274287868,109.92411272981468,0.6276319933550715,0.027908730720001832,0.1447837855191212,228 days,82,82,0,0.0,39.02439024390244,131.15219994816056,-20.662332211119352,10.32243284627346,-4.321609327241148,3 days 00:45:00,1 days 10:04:48,1.7746387920055688,0.003052775944253497,1.082766218894359,1.7385135804798173,1.3377085060540874,1.9140379843168547
BTC-USD,2022,2022-01-01,2022-12-31,2022-01-02,2022-12-30,363 days,100.0,67.55366710388084,-32.44633289611916,-64.9329195727921,100.0,14.603183528198807,45.10717692791684,276 days,84,83,1,-0.2294766201822256,33.734939759036145,17.036360875135575,-9.897487240525324,3.48772555168534,-2.371042590515798,3 days 18:00:00,1 days 12:39:16.363636363,0.7309323710905142,-0.38815489489080623,-0.7563900846630008,-0.7225495087436841,0.858624542843114,-1.057362084575829
ETH-USD,2022,2022-01-01,2022-12-31,2022-01-02,2022-12-30,363 days,100.0,81.8628647495637,-18.1371352504363,-68.68488179637534,100.0,15.35757971314774,50.23506200680632,271 days,85,84,1,-0.2432980941058247,38.095238095238095,38.320440030403944,-13.60491174051542,5.792841256006995,-3.5756341192544046,3 days 05:15:00,1 days 14:18:27.692307692,0.8979673726274061,-0.21302187090869573,-0.05647159974133607,-0.3628411719671194,0.9886981327993314,-0.08277467530416956
BNB-USD,2022,2022-01-01,2022-12-31,2022-01-02,2022-12-30,363 days,100.0,62.10448196881844,-37.89551803118156,-53.748445253453205,100.0,11.465478566639428,54.600063477815844,362 days,90,90,0,0.0,30.0,15.280170603397853,-15.643366184026956,4.979366604910216,-2.7220164987405147,3 days 18:40:00,1 days 06:05:42.857142857,0.6673209038035588,-0.4210613114575731,-0.8442902325655921,-0.6970376391481629,0.8385216932873615,-1.157252302394836
SOL-USD,2022,2022-01-01,2022-12-31,2022-01-02,2022-12-30,363 days,100.0,77.22349537588809,-22.776504624111915,-94.3984480717295,98.97805226535272,5.406259392851901,36.13775707339965,273 days,91,90,1,-0.005148314272335029,34.44444444444444,29.67716223829857,-24.971154261263028,5.439778631445083,-4.215890616410587,3 days 04:38:42.580645161,1 days 09:21:21.355932203,0.7211527863280862,-0.2530150701093288,-0.6235469589293954,-0.633309837354482,0.8646058132427233,-0.8710614443117523
ADA-USD,2022,2022-01-01,2022-12-31,2022-01-02,2022-12-30,363 days,100.0,99.97496944195245,-0.025030558047540494,-82.17480758067754,1.2821715204613486,0.060162014912083256,0.284012933681448,347 days,89,88,1,-4.938152803078899e-05,34.090909090909086,19.53477458300961,-18.650505598427934,4.914037473141746,-3.350257778487484,3 days 08:00:00,1 days 09:55:51.724137931,0.9620172311294828,-0.0002838770059035217,-0.07266467747057474,-0.0886172674456009,0.9803205292164682,-0.12204295346733465
XRP-USD,2022,2022-01-01,2022-12-31,2022-01-02,2022-12-30,363 days,100.0,99.79473106362907,-0.20526893637092644,-59.84055831128467,0.7715210998986649,0.04563807327497779,0.25767795096473584,325 days,97,96,1,-4.107759462227123e-05,25.0,43.02641698885932,-19.698570936035704,5.729278835285151,-2.6104337747673125,3 days 06:00:00,1 days 11:00:00,0.5570090590645459,-0.0021377901955864998,-1.344221689029229,-0.8009949084961052,0.7273980668008939,-1.7788920010565963
DOT-USD,2022,2022-01-01,2022-12-31,2022-01-02,2022-12-30,363 days,100.0,90.08698400237877,-9.913015997621224,-85.4581023979557,25.53795587796181,1.1913485464241877,10.22297717396702,352 days,96,95,1,0.001864532283320159,31.57894736842105,20.874432997943632,-21.32869748574378,4.50002881579346,-3.9777305777221903,2 days 23:12:00,1 days 12:11:04.615384615,0.4051426456718646,-0.10436716347267924,-1.8983870716412405,-0.9747470648660306,0.6313564591920762,-2.3196771889827907
LUNA-USD,2022,2022-01-01,2022-12-31,2022-01-02,2022-05-11,130 days,100.0,99.99988029390143,-0.00011970609857506198,13151.322998854701,0.11970624187072922,0.00011970609857505732,0.0001197060985873577,1 days,1,0,1,-0.00011970609857505732,nan,nan,nan,nan,nan,NaT,NaT,nan,nan,-1.6756169931378433,-2.807689269919866,0.0,-1.675616993137844
AVAX-USD,2022,2022-01-01,2022-12-31,2022-01-02,2022-12-30,363 days,100.0,85.60776033884814,-14.392239661151862,-90.39614718933073,83.06000785642695,3.5314912095113145,19.97764739633104,317 days,83,83,0,0.0,33.734939759036145,22.758646628698273,-30.684142598742547,5.800701588537741,-4.089318180400923,3 days 14:34:17.142857142,1 days 11:20:43.636363636,0.6880136317859801,-0.17340047784520335,-0.5032594224937614,-0.7240843987886307,0.88543616806948,-0.6804733722655081
DOGE-USD,2022,2022-01-01,2022-12-31,2022-01-02,2022-12-30,363 days,100.0,100.01694671522941,0.01694671522940342,-60.77819891631799,0.15548413902191657,0.007546978015021039,0.06433855729771121,209 days,92,92,0,0.0,26.08695652173913,102.98223551546177,-22.20659920755716,9.785009159709785,-3.1238779687501714,3 days 18:00:00,1 days 08:07:03.529411764,1.1711282454209502,0.00018420342640655847,0.2833615086526052,0.26485041368003237,1.0921542200490286,0.4471596312223828
BTC-USD,2023,2023-01-01,2023-12-31,2023-01-02,2023-12-30,363 days,100.0,180.78634349041621,80.78634349041621,152.61093777667676,100.0,26.392833315740646,18.10447924482107,219 days,91,91,0,0.0,34.065934065934066,21.951030527276448,-5.3757395984347065,4.8562589437187915,-1.3706460351455831,2 days 19:21:17.419354838,1 days 01:12:00,1.6611357861858,0.8877620163782014,1.8951361982939627,4.494861354100709,1.5665002105289605,4.184073327061083
ETH-USD,2023,2023-01-01,2023-12-31,2023-01-02,2023-12-30,363 days,100.0,139.02312079492359,39.023120794923585,88.70069113339105,100.0,19.93930160443572,30.173901801469754,288 days,86,86,0,0.0,31.3953488372093,21.565954757084867,-8.181125967714133,5.0457520327118255,-1.747875034583602,3 days 14:13:20,1 days 04:28:28.474576271,1.3227808058860273,0.45375721854562334,1.126036123310359,1.301645164955867,1.2734934570428142,1.9886757051648818
BNB-USD,2023,2023-01-01,2023-12-31,2023-01-02,2023-12-30,363 days,100.0,96.64093294095234,-3.359067059047661,29.173042986019702,100.0,13.365625548399526,42.66118025272064,344 days,95,94,1,-0.096640932940943,38.297872340425535,17.30776762962981,-8.044536048005826,3.3091566905995387,-1.9655442204255686,3 days 02:00:00,1 days 07:02:04.137931034,0.9638127297362175,-0.03470666091602814,0.047481021162823926,-0.07916466932270139,1.01040682989677,0.07204458984287386
XRP-USD,2023,2023-01-01,2023-12-31,2023-01-02,2023-12-30,363 days,100.0,100.04244071526972,0.042440715269715656,78.40575758454125,0.5991503093065201,0.02695261744768506,0.0966554028878076,173 days,88,88,0,0.0,32.95454545454545,52.40056979334261,-10.245086547351628,5.4509586341244125,-2.2372496772021746,2 days 22:20:41.379310344,1 days 02:50:50.847457627,1.1744756840758692,0.00048228085533767425,0.2096665309734696,0.44151280759691097,1.1125444853325341,0.5071813079641759
ADA-USD,2023,2023-01-01,2023-12-31,2023-01-02,2023-12-30,363 days,100.0,100.20927962442454,0.20927962442453804,137.15430241489614,0.5729160312139674,0.02955917727973054,0.09247885923691641,294 days,81,81,0,0.0,35.80246913580247,35.21344048399773,-6.94705230363669,6.9247993933806224,-2.112690353280209,3 days 16:33:06.206896551,1 days 05:32:18.461538461,1.9917001835378143,0.0025836990669696044,1.4779911654406874,2.275481059187114,1.5482656667819525,3.1589798772649096
DOGE-USD,2023,2023-01-01,2023-12-31,2023-01-02,2023-12-30,363 days,100.0,99.98071307640805,-0.019286923591950667,26.162282800894275,0.09701068677803783,0.006467471083515423,0.028951240805581317,344 days,89,89,0,0.0,38.20224719101123,16.80719965330976,-9.174920491037183,3.629534431221351,-2.289668355136718,3 days 05:38:49.411764705,1 days 06:06:32.727272727,0.666780785794248,-0.00021670700665113115,-0.8813770487840339,-0.669856517008882,0.8104768967925604,-1.1898062563878222
MATIC-USD,2023,2023-01-01,2023-12-31,2023-01-02,2023-12-30,363 days,100.0,100.15160400003877,0.15160400003877428,22.057310231049264,1.391451872135967,0.07438334822117641,0.30336994707432946,291 days,88,88,0,0.0,35.22727272727273,25.432468002142755,-8.879914161242187,6.765168776405347,-2.932369602000197,3 days 13:09:40.645161290,1 days 04:37:53.684210526,1.200813229726244,0.0017227727277133453,0.4620145695698967,0.5024885344968651,1.1255892603926712,0.785618553433783
DOT-USD,2023,2023-01-01,2023-12-31,2023-01-02,2023-12-30,363 days,100.0,100.71555774179494,0.7155577417949368,86.45946319132437,8.015879403774708,0.519787278508155,2.619609553873216,338 days,92,91,1,-0.0015786856608796711,35.16483516483517,23.252719761766404,-8.889708644819914,4.8062757519923265,-2.223833178743412,3 days 00:00:00,1 days 06:54:54.915254237,1.1620994482305496,0.007880620081932042,0.33749962168599557,0.2746647328161399,1.0930630083626467,0.5880051872562462
LTC-USD,2023,2023-01-01,2023-12-31,2023-01-02,2023-12-30,363 days,100.0,125.3272387118247,25.327238711824705,-2.0706795288548463,82.69003829986394,6.625819304242871,12.56737424866011,181 days,86,86,0,0.0,40.69767441860465,25.925038592055266,-11.392112611741732,4.53028296066306,-2.5181829091275287,3 days 09:36:00,1 days 06:07:03.529411764,1.527509227966931,0.2945027757188925,0.9829240282052012,2.0277285434914654,1.3092020598748335,1.8211526084809313
SHIB-USD,2023,2023-01-01,2023-12-31,2023-01-02,2023-12-30,363 days,100.0,99.99999852532282,-1.474677183916606e-06,24.9999971578291,1.2558708668360447e-05,3.2582205057787e-07,3.1306933150985785e-06,318 days,34,34,0,0.0,41.17647058823529,21.99999663486972,-11.300003365130278,12.718423871981887,-1.7262504627054136,3 days 01:42:51.428571428,1 days 19:12:00,0.5207392442267381,-4.337285835048842e-08,-0.6679993791798006,-0.4736338012881168,0.7071603766466201,-0.7711589881381444
BTC-USD,2024,2024-01-01,2024-12-31,2024-01-02,2024-12-30,364 days,100.0,126.94778739359164,26.94778739359164,106.06627370703912,100.0,21.565198358700364,27.671531918580154,216 days,92,92,0,0.0,32.608695652173914,26.58456016789322,-6.226073763770393,4.825120127009463,-1.7924452485751834,3 days 05:36:00,1 days 02:42:34.838709677,1.2002334905391672,0.29291073253903877,0.8561780263767504,0.976853407177691,1.198261878943223,1.49763032868942
ETH-USD,2024,2024-01-01,2024-12-31,2024-01-02,2024-12-30,364 days,100.0,99.34059516675465,-0.6594048332453468,42.47137625490862,100.0,19.410995940788045,40.90201241937766,296 days,93,93,0,0.0,36.55913978494624,33.76210212717158,-5.162427383838214,3.697062012782192,-1.9878835356973448,3 days 03:31:45.882352941,1 days 04:52:52.881355932,0.9946619205138401,-0.007090374551025347,0.16206102778838943,-0.01616571761544522,1.0319994912451467,0.26292021059152665
BNB-USD,2024,2024-01-01,2024-12-31,2024-01-02,2024-12-30,364 days,100.0,131.4597041691122,31.4597041691122,125.6128423749721,100.0,19.11254525973052,23.44040688551936,207 days,89,88,1,-0.1314597041690888,40.909090909090914,21.62045181259401,-9.045024185845438,3.9638161769964375,-1.961852439377816,2 days 23:20:00,1 days 04:36:55.384615384,1.2705316872955332,0.35899049856001475,0.9064940385408011,1.3463301940925363,1.2340303480379826,1.6132682392922975
XRP-USD,2024,2024-01-01,2024-12-31,2024-01-02,2024-12-30,364 days,100.0,101.11237101592698,1.1123710159269846,229.02025858166078,2.091704820654311,0.05507757296639083,0.15100496218792614,312 days,93,93,0,0.0,31.182795698924732,71.20505295777534,-8.99432193968474,8.94796673785436,-1.9360547953648346,2 days 21:31:02.068965517,1 days 05:37:30,3.7829392145119587,0.011960978665881555,1.8184166946122804,7.3868033536487205,2.236827872231099,5.097002078715583
ADA-USD,2024,2024-01-01,2024-12-31,2024-01-02,2024-12-30,364 days,100.0,100.32327746603436,0.32327746603435,41.99502509790509,0.8330904198188703,0.04336580213800098,0.16593941484532224,252 days,81,81,0,0.0,33.33333333333333,71.59897183575004,-10.277372005892351,10.676190377322122,-2.6461899700078133,4 days 00:00:00,1 days 06:39:59.999999999,1.7423927048892147,0.003991079827584561,1.4524370381909573,1.9535264071920684,1.4993901609687783,2.885211104761663
DOGE-USD,2024,2024-01-01,2024-12-31,2024-01-02,2024-12-30,364 days,100.0,100.19173638155463,0.19173638155462971,243.75025834898122,0.3377210105276151,0.014446007084706027,0.05805044853023851,246 days,89,89,0,0.0,39.325842696629216,78.63683922320108,-8.450334494119573,10.163402033323605,-2.8391739961911937,2 days 22:37:42.857142857,1 days 02:13:20,2.2925057158389874,0.0021543413657823546,1.78242127412945,3.31200948093485,1.7190159976228165,3.7416756294465645
SOL-USD,2024,2024-01-01,2024-12-31,2024-01-02,2024-12-30,364 days,100.0,178.96592426975627,78.96592426975627,79.18193160230607,100.0,15.26811986250216,23.06719548376296,216 days,78,77,1,-0.013214666315402837,41.55844155844156,31.527222847557834,-8.636758389891282,6.684736307354392,-2.7419004187020284,3 days 12:00:00,1 days 08:00:00,1.6119875421245755,1.0257031030658659,1.6524014445938313,3.4357152107674107,1.444451964727974,2.8881709983200903
DOT-USD,2024,2024-01-01,2024-12-31,2024-01-02,2024-12-30,364 days,100.0,100.81620323769793,0.8162032376979317,-20.39807167858959,9.969337460117629,0.586201556228226,2.79241314068233,263 days,79,79,0,0.0,45.56962025316456,38.60739519922291,-5.855281716714156,5.635069061161396,-2.773362525312597,3 days 10:00:00,1 days 06:41:51.627906976,1.144144341027581,0.010331686553138278,0.32275147684281275,0.29309943204166533,1.0879077777933206,0.533930593292273
LTC-USD,2024,2024-01-01,2024-12-31,2024-01-02,2024-12-30,364 days,100.0,109.03574033508552,9.035740335085517,36.06970564705705,96.95586888233674,6.805575409715918,24.4784507355649,266 days,87,86,1,-0.021412850764409994,34.883720930232556,26.45282703792849,-13.187479688240328,5.401214289198339,-2.597490035267574,3 days 17:36:00,1 days 08:08:34.285714285,1.129222350458981,0.10531573471918565,0.42090757445773674,0.3701891159793234,1.1281693488835152,0.706649869877591
AVAX-USD,2024,2024-01-01,2024-12-31,2024-01-02,2024-12-30,364 days,100.0,104.23347965399284,4.233479653992841,-11.65981129054443,53.905665029825514,3.422646993091282,19.461150756181205,264 days,83,83,0,0.0,33.734939759036145,41.64625020865559,-16.32083776572419,9.606259528101415,-3.713489325967318,3 days 14:34:17.142857142,1 days 05:40:21.818181818,1.0854876530039685,0.05100577896376857,0.3071158122693201,0.21814504218283637,1.0793621375726286,0.47201013350520094
BTC-USD,2025_YTD,2025-01-01,2025-03-04,2025-01-02,2025-03-03,61 days,100.0,97.56322093646146,-2.4367790635385376,-6.704420103342146,100.0,2.416795502512974,17.543410957458576,41 days,12,12,0,0.0,33.33333333333333,6.538828057185639,-5.537073947781544,3.65394797315401,-2.0486319383740152,4 days 18:00:00,2 days 15:00:00,0.852900851602653,-0.20306492196154302,-0.13635439837624905,-0.7822606820184042,0.9747052265823658,-0.21488286256139744
ETH-USD,2025_YTD,2025-01-01,2025-03-04,2025-01-02,2025-03-03,61 days,100.0,67.92593689829975,-32.07406310170025,-33.90540106942797,100.0,2.511621940769319,38.11702645051942,56 days,15,15,0,0.0,13.333333333333334,2.7087327855641283,-9.24323988487706,2.5661570168647465,-3.2849579943575207,2 days 00:00:00,2 days 09:13:50.769230769,0.11228413283501236,-2.1382708734466847,-3.108645847441049,-2.3641721528656885,0.5546983760136428,-3.976488202892198
BNB-USD,2025_YTD,2025-01-01,2025-03-04,2025-01-02,2025-03-03,61 days,100.0,95.6645065038189,-4.335493496181101,-15.783087429524677,100.0,1.646645034751503,8.12614854326195,25 days,14,14,0,0.0,21.428571428571427,16.559011855414244,-7.289240322356838,6.391327495687184,-2.422786787356001,5 days 16:00:00,2 days 00:00:00,0.685427699178162,-0.3096781068700807,-0.916897801260326,-2.8667390973926015,0.8494288317920878,-1.256490144921506
XRP-USD,2025_YTD,2025-01-01,2025-03-04,2025-01-02,2025-03-03,61 days,100.0,100.1333627912981,0.13336279129809192,8.314835507571816,0.5430205577165543,0.004691692008999171,0.029987339637779244,39 days,11,11,0,0.0,54.54545454545454,22.43960547218864,-6.329421193526369,10.080058833814876,-3.2144506844434075,2 days 16:00:00,1 days 04:48:00,5.553031381821248,0.01212389011800836,2.9054652399864276,26.69950104739805,2.766616026745002,9.43438955341512
ADA-USD,2025_YTD,2025-01-01,2025-03-04,2025-01-02,2025-03-03,61 days,100.0,99.95591012164404,-0.04408987835596334,1.1606024121111558,0.3080877433282447,0.0007714137295884427,0.04408987835596179,60 days,4,4,0,0.0,50.0,2.341088302401052,-14.086071932983765,1.5771454977749906,-8.012323112279502,1 days 00:00:00,1 days 00:00:00,0.012931062558332757,-0.011022469588990835,-2.502708305557099,-5.977036616944486,0.01367625921573923,-2.5019178966179187
DOGE-USD,2025_YTD,2025-01-01,2025-03-04,2025-01-02,2025-03-03,61 days,100.0,100.00926395230134,0.009263952301343331,-36.31974712604422,0.07540537194692656,0.0006226588416162676,0.009878404717369003,45 days,13,13,0,0.0,38.46153846153847,18.37527580093165,-10.376507905365912,9.013579740164035,-5.138321034693774,4 days 19:12:00,1 days 12:00:00,1.9942615578852199,0.0007126117154879494,1.6265055903515755,5.612712250112198,1.4450869303381966,3.279142396668156
SOL-USD,2025_YTD,2025-01-01,2025-03-04,2025-01-02,2025-03-03,61 days,100.0,91.38888621859878,-8.611113781401215,-24.802292794748183,89.93788268785184,0.5015530720073548,13.723744705010082,44 days,14,14,0,0.0,50.0,33.41341474887344,-12.658121304191758,6.879620844888996,-5.81188062309749,2 days 10:17:08.571428571,1 days 00:00:00,0.430430520647432,-0.6150795558143725,-1.665974868365722,-3.035272261284602,0.493136154463889,-1.7591398877290318
DOT-USD,2025_YTD,2025-01-01,2025-03-04,2025-01-02,2025-03-03,61 days,100.0,99.99795286889784,-0.0020471311021523775,-32.146712349459385,1.0861076933120601,0.009028808563534219,0.1063238919217205,45 days,10,10,0,0.0,70.0,6.982442623745717,-6.588202251521165,3.606283345183487,-2.94194350799129,2 days 20:34:17.142857142,1 days 00:00:00,0.9774655101071382,-0.00020471311021524365,-0.0422371043620422,-0.11520084567496944,0.9891797648107323,-0.054394129593018085
LTC-USD,2025_YTD,2025-01-01,2025-03-04,2025-01-02,2025-03-03,61 days,100.0,105.07429591696018,5.074295916960182,9.413501183687156,30.798748870837866,0.3188111689723899,3.512671459720302,15 days,11,11,0,0.0,63.63636363636363,22.22793110057856,-12.101454037995644,9.083547934143981,-6.275569603842782,4 days 10:17:08.571428571,1 days 18:00:00,2.4830583181469468,0.46129962881456177,1.8546574066871615,9.81314328460682,1.471165882822973,3.250797102600141
AVAX-USD,2025_YTD,2025-01-01,2025-03-04,2025-01-02,2025-03-03,61 days,100.0,99.31131268393334,-0.6886873160666607,-41.136755496981706,6.635008948554718,0.07532959894557831,1.2985655128329017,56 days,15,15,0,0.0,33.33333333333333,7.3080628007212125,-7.607759493487927,4.0409915300016435,-3.619467631074376,2 days 14:24:00,1 days 12:00:00,0.3844787823820841,-0.04591248773777731,-1.6163289177045574,-3.1194119580534347,0.6614458127846398,-1.9304858356503785
